"Language","original","english","czech","german","russian","polish","hungarian","italian","spanish","french","chinese","japanese","portuguese","chinesesimp",
"STR_real_OffroadHatchback0","Lada Niva","Lada Niva","Lada Niva","Lada Niva","Лада Нива","Lada Niva","Lada Niva","Lada Niva","Lada Niva","Lada Niva","Lada Niva","Lada Niva","Lada Niva","Lada Niva",
"STR_real_HatchbackWheel0","Lada Niva Wheel","Lada Niva Wheel","Kolo Lada Niva","Lada Niva-Reifen","Колесо Лада Нива","Koło od Ady 4x4","Lada Niva Wheel","Ruota Lada Niva","Rueda de Lada Niva","Roue de Lada Niva","Lada Niva 輪胎","Lada Niva 4WD 車輪","Roda Lada Niva","Lada Niva 车轮",
"STR_real_HatchbackWheel1","A wheel of the Lada Niva off-road. Deep-treaded tire is used to improve vehicle driving capabilities in terrain.","A wheel of the Lada Niva off-road. Deep-treaded tire is used to improve vehicle driving capabilities in terrain.","Kolo terénního vozu Lada Niva. Pneumatika s terénním vzorkem k zvýšení ovLadatelnosti vozidla v terénu.","Ein Reifen für den Lada Niva-Offroader. Das tiefe Profil sorgt für guten Halt in schwierigem Gelände.","Колесо внедорожника Лада Нива. Шина с ярко выраженным протектором для лучшей маневренности в условиях бездорожья.","Koło terenówki Lada Niva. Głęboki bieżnik polepsza właściwości terenowe pojazdu.","A wheel of the Lada Niva off-road. Deep-treaded tire is used to improve vehicle driving capabilities in terrain.","Una ruota del fuoristrada Lada Niva. Pneumatico con scanalature profonde utilizzato per migliorare le capacità di guida del veicolo sui vari terreni.","Una rueda del vehículo todoterreno Lada Niva. Se usan ruedas con mucho agarre para mejorar la conducción del vehículo en diversos terrenos.","Une roue pour Lada Niva. La sculpture de la bande de roulement assure l'adhérence du véhicule en terrain accidenté.","Lada Niva 越野車的輪胎。深胎紋設計，能提升車子在複雜地形中的性能。","Lada Niva 4WD オフロードの車輪。溝の深いトレッドパターンを持つタイヤは、起伏の多い地形での車両の走行能力を高めてくれる。","Uma roda do off-road Lada Niva. O pneu com sulcos profundos é usado para melhorar a capacidade de condução do veículo fora do asfalto.","Lada Niva 越野车的车轮。深花纹轮胎用于提高车辆在地形中的行驶能力。",
"STR_real_HatchbackDoors_Driver0","Lada Niva Left Door","Lada Niva Left Door","Levé dveře Lada Niva","Lada Niva-Tür links","Левая дверь Лада Нива","Lewe drzwi od Lada Niva","Lada Niva Left Door","Portiera sinistra Lada Niva","Puerta izquierda de Lada Niva","Portière gauche de Lada Niva","Lada Niva 左門","Lada Niva 4WD 左のドア","Porta esquerda Lada Niva","Lada Niva 左门",
"STR_real_HatchbackDoors_Driver1","Front left door of the Lada Niva off-road. Keeps the driver safe inside the vehicle.","Front left door of the Lada Niva off-road. Keeps the driver safe inside the vehicle.","Levé přední dveře terénního vozu Lada Niva. Chrání řidiče uvnitř vozu.","Linke Vordertür des Lada Niva-Offroaders. Verhindert, dass der Fahrer aus dem Wagen fällt.","Передняя левая дверь внедорожника Лада Нива. Обеспечивает безопасность водителя внутри автомобиля.","Przednie lewe drzwi od terenówki Lada Niva. Dzięki nim kierowca będzie bezpieczny.","Front left door of the Lada Niva off-road. Keeps the driver safe inside the vehicle.","La portiera anteriore sinistra del fuoristrada Lada Niva. Mantiene il pilota al sicuro all’interno del veicolo.","Puerta izquierda delantera del todoterreno Lada Niva. Mantiene al conductor a salvo dentro del vehículo.","Une portière avant gauche pour Lada Niva. Permet de protéger le conducteur.","Lada Niva 越野車的左前門。保持駕駛在車內的安全。","Lada Niva 4WD オフロードの左前のドア。運転席の人も安全に乗れる。","Porta dianteira esquerda do Lada Niva. Mantém o motorista seguro dentro do veículo.","Lada Niva 越野车的左前车门。确保车内驾驶员的安全。",
"STR_real_HatchbackDoors_CoDriver0","Lada Niva Right Door","Lada Niva Right Door","Pravé dveře Lada Niva","Lada Niva-Tür rechts","Правая дверь Лада Нива","Prawe drzwi od Lada Niva","Lada Niva Right Door","Portiera destra Lada Niva","Puerta derecha de Lada Niva","Portière droite de Lada Niva","Lada Niva 右門","Lada Niva 4WD 右のドア","Porta direita Lada Niva","Lada Niva 右门",
"STR_real_HatchbackDoors_CoDriver1","Front right door of the Lada Niva off-road. Keeps the co-driver safe inside the vehicle.","Front right door of the Lada Niva off-road. Keeps the co-driver safe inside the vehicle.","Pravé přední dveře terénního vozu Lada Niva. Chrání spolujezdce vepředu.","Rechte Vordertür des Lada Niva-Offroaders. Verhindert, dass der Beifahrer aus dem Wagen fällt.","Передняя правая дверь внедорожника Лада Нива. Обеспечивает безопасность пассажира внутри автомобиля.","Przednie prawe drzwi od terenówki Lada Niva. Dzięki nim drugi kierowca będzie bezpieczny.","Front right door of the Lada Niva off-road. Keeps the co-driver safe inside the vehicle.","La portiera anteriore destra del fuoristrada Lada Niva. Mantiene il copilota al sicuro all’interno del veicolo.","Puerta derecha delantera del vehículo todoterreno Lada Niva. Mantiene al copiloto a salvo dentro del vehículo.","Une portière avant droite pour Lada Niva. Permet de protéger le passager avant.","Lada Niva 越野車的右前門。保持副駕駛在車內的安全。","Lada Niva 4WD オフロードの右前のドア。助手席の人も安全に乗れる。","Porta dianteira direita do Lada Niva. Mantém o copiloto seguro dentro do veículo.","Lada Niva 越野车的右前车门。确保车内副驾驶员的安全。",
"STR_real_HatchbackHood0","Lada Niva Hood","Lada Niva Hood","Kapota Lada Niva","Lada Niva Motorhaube","Капот Лада Нива","Maska od Lada Niva","Lada Niva Hood","Cofano Lada Niva","Capó de Lada Niva","Capot de Lada Niva","Lada Niva 引擎蓋","Lada Niva 4WD ボンネット","Capô Lada Niva","Lada Niva 引擎罩",
"STR_real_HatchbackHood1","Hood of the Lada Niva off-road. Helps protect the engine and other sensitive car parts.","Hood of the Lada Niva off-road. Helps protect the engine and other sensitive car parts.","Kapota civilního terénního vozu Lada Niva. Chrání motor a další citlivé součástky auta.","Motorhaube des zivilen Lada Niva-Offroaders. Schützt den Motor und andere empfindliche Wagenteile.","Капот гражданского внедорожника Лада Нива. Помогает защитить двигатель и другие важные детали автомобиля.","Maska od terenówki Lada Niva. Chroni silnik i inne delikatne części samochodu.","Hood of the Lada Niva off-road. Helps protect the engine and other sensitive car parts.","Il cofano del fuoristrada per uso civile Lada Niva. Aiuta a proteggere il motore e altri componenti delicati dell’automobile.","Capó del vehículo civil todoterreno Lada Niva. Ayuda a proteger el motor y otras partes importantes del coche.","Un capot pour Lada Niva. Protège le moteur et les pièces essentielles du véhicule.","Lada Niva 民用越野車的引擎蓋。保護引擎與其他脆弱零件。","Lada Niva 4WD オフロードのボンネット。エンジンやその他の繊細な車のパーツを保護してくれる。","Capô do off-road Lada Niva. Ajuda a proteger o motor e outras peças sensíveis do carro.","Lada Niva 民用越野车的引擎盖。可帮助保护发动机和其他敏感的汽车部件。",
"STR_real_HatchbackTrunk0","Lada Niva Trunk Door","Lada Niva Trunk Door","Dveře od kufru Lada Niva","Lada Niva-Hecktür","Дверь багажника Лада Нива","Klapa bagażnika od Lada Niva","Lada Niva Trunk Door","Portellone posteriore Lada Niva","Maletero de Lada Niva","Hayon de Lada Niva","Lada Niva 車廂門","Lada Niva 4WD トランクのドア","Tampa de porta-malas Lada Niva","Lada Niva 后备箱门",
"STR_real_HatchbackTrunk1","Trunk door of the Lada Niva offroad. Used for keeping trunk contents closed.","Trunk door of the Lada Niva offroad. Used for keeping trunk contents closed.","Dveře od kufru terénního vozu Lada Niva. Používá se k uzavření nákladu v kufru.","Hecktür des Lada Niva-Offroaders. Schützt den Inhalt des Kofferraums.","Дверь багажника внедорожника Лада Нива. Не дает содержимому багажника выпасть.","Klapa bagażnika od terenówki Lada Niva. Dzięki niej zawartość bagażnika pozostaje w bagażniku.","Trunk door of the Lada Niva offroad. Used for keeping trunk contents closed.","Il portellone posteriore del fuoristrada Lada Niva. Utilizzato per mantenere al sicuro il contenuto del portabagagli.","Puerta del maletero del todoterreno Lada Niva. Evita que las cosas se caigan del maletero.","Un hayon pour Lada Niva. Permet de fermer le coffre et d'en protéger le contenu.","Lada Niva 越野車的車廂門。鎖住車廂內的物品。","Lada Niva 4WD オフロードのトランクのドア。トランクに入れた物が飛び出さないように使用される。","Tampa de porta-malas do off-road Lada Niva. Usada para manter o conteúdo do porta-malas fechado.","Lada Niva 越野车的后备箱门。用于关住后备箱装的东西。",
"STR_real_CivilianSedan0","GAZ-24 Volga","GAZ-24 Volga","GAZ-24 Volga","GAZ-24 Volga","ГАЗ-24 Волга","GAZ-24 Volga","GAZ-24 Volga","GAZ-24 Volga","GAZ-24 Volga","GAZ-24 Volga","GAZ-24 Volga","GAZ-24 Volga","GAZ-24 Volga","GAZ-24 Volga",
"STR_real_CivSedanWheel0","GAZ-24 Volga Wheel","GAZ-24 Volga Wheel","Kolo GAZ-24 Volga","GAZ-24 Volga-Reifen","Колесо ГАЗ-24 Волга","Koło od GAZ-24 Volga","GAZ-24 Volga Wheel","Ruota GAZ-24 Volga","Rueda de GAZ-24 Volga","Roue de GAZ-24 Volga","GAZ-24 Volga 輪胎","GAZ-24 Volga 車輪","Roda GAZ-24 Volga","GAZ-24 Volga 车轮",
"STR_real_CivSedanWheel1","A wheel of the GAZ-24 Volga sedan. Tire pattern is designed for high performance on common road surfaces.","A wheel of the GAZ-24 Volga sedan. Tire pattern is designed for high performance on common road surfaces.","Kolo sedanu GAZ-24 Volga. Vzorek pneumatiky je navržen k vysokým rychlostem na běžném povrchu vozovky.","Ein Reifen für die GAZ-24 Volga-Limousine. Das Reifenprofil ist für gewöhnliche Straßenbeläge optimiert.","Колесо седана ГАЗ-24 Волга. Рисунок протектора обеспечивает высокую маневренность на обычных дорожных покрытиях.","Koło sedana GAZ-24 Volga. Wzór bieżnika usprawnia jazdę po normalnych drogach.","A wheel of the GAZ-24 Volga sedan. Tire pattern is designed for high performance on common road surfaces.","Una ruota della berlina GAZ-24 Volga. Pneumatico con battistrada concepito per offrire prestazioni elevate sulle strade ordinarie.","Una rueda para la berlina GAZ-24 Volga. El patrón de la rueda está diseñado para ofrecer un gran rendimiento en superficies comunes.","Une roue pour berline Olga 24. Le pneu offre de très bonnes performances sur route.","GAZ-24 Volga 四門客車的輪胎。輪胎紋路是專為一般路面所設計，性能優異。","GAZ-24 Volga セダンの車輪。タイヤの模様は通常の道路で高性能を見せるようにデザインされている。","Uma roda do GAZ-24 Volga sedã. O padrão do pneu é projetado para alto desempenho em superfícies de estrada comuns.","GAZ-24 Volga 轿车的车轮。轮胎花纹设计旨在适应普通道路路面，保持高性能。",
"STR_real_CivSedanDoors_Driver0","GAZ-24 Volga Front Left Door","GAZ-24 Volga Front Left Door","Levé přední dveře GAZ-24 Volga","GAZ-24 Volga Tür vorne links","Передняя левая дверь ГАЗ-24 Волга","Przednie lewe drzwi od GAZ-24 Volga","GAZ-24 Volga Front Left Door","Portiera anteriore sinistra GAZ-24 Volga","Puerta izquierda delantera de GAZ-24 Volga","Portière AVG de GAZ-24 Volga","GAZ-24 Volga 左前門","GAZ-24 Volga 左前のドア","Porta dianteira esquerda GAZ-24 Volga","GAZ-24 Volga 左前车门",
"STR_real_CivSedanDoors_Driver1","Front left door of the GAZ-24 Volga sedan. Keeps the driver safe inside the vehicle.","Front left door of the GAZ-24 Volga sedan. Keeps the driver safe inside the vehicle.","Levé přední dveře sedanu GAZ-24 Volga. Chrání řidiče uvnitř vozu.","Linke Vordertür der GAZ-24 Volga-Limousine. Verhindert, dass der Fahrer aus dem Wagen fällt.","Передняя левая дверь седана ГАЗ-24 Волга. Обеспечивает безопасность водителя внутри автомобиля.","Przednie lewe drzwi od sedana GAZ-24 Volga. Dzięki nim kierowca będzie bezpieczny.","Front left door of the GAZ-24 Volga sedan. Keeps the driver safe inside the vehicle.","La portiera anteriore sinistra della berlina GAZ-24 Volga. Mantiene il pilota al sicuro all’interno del veicolo.","Puerta izquierda delantera de la berlina GAZ-24 Volga. Mantiene al conductor a salvo dentro del vehículo.","Une portière avant gauche pour berline GAZ-24 Volga. Permet de protéger le conducteur.","GAZ-24 Volga 四門客車的左前門。保持駕駛在車內的安全。","GAZ-24 Volga セダンの左前のドア。運転席の人も安全に乗れる。","Porta dianteira esquerda do GAZ-24 Volga sedã. Mantém o motorista seguro dentro do veículo.","GAZ-24 Volga 轿车左前车门。确保车内驾驶员的安全。",
"STR_real_CivSedanDoors_CoDriver0","GAZ-24 Volga Front Right Door","GAZ-24 Volga Front Right Door","Pravé přední dveře GAZ-24 Volga","GAZ-24 Volga Tür vorne rechts","Передняя правая дверь ГАЗ-24 Волга","Przednie prawe drzwi od GAZ-24 Volga","GAZ-24 Volga Front Right Door","Portiera anteriore destra GAZ-24 Volga","Puerta derecha delantera de GAZ-24 Volga","Portière AVD de GAZ-24 Volga","GAZ-24 Volga 右前門","GAZ-24 Volga 右前のドア","Porta dianteira direita GAZ-24 Volga","GAZ-24 Volga 右前车门",
"STR_real_CivSedanDoors_CoDriver1","Front right door of the GAZ-24 Volga sedan. Keeps the co-driver safe inside the vehicle.","Front right door of the GAZ-24 Volga sedan. Keeps the co-driver safe inside the vehicle.","Pravé přední dveře sedanu GAZ-24 Volga. Chrání spolujezdce vepředu.","Rechte Vordertür der GAZ-24 Volga-Limousine. Verhindert, dass der Beifahrer aus dem Wagen fällt.","Передняя правая дверь седана ГАЗ-24 Волга. Обеспечивает безопасность пассажира внутри автомобиля.","Przednie prawe drzwi od sedana GAZ-24 Volga. Dzięki nim drugi kierowca będzie bezpieczny.","Front right door of the GAZ-24 Volga sedan. Keeps the co-driver safe inside the vehicle.","La portiera anteriore destra della berlina GAZ-24 Volga. Mantiene il copilota al sicuro all’interno del veicolo.","Puerta derecha delantera de la berlina GAZ-24 Volga. Mantiene al copiloto a salvo dentro del vehículo.","Une portière avant droite pour berline GAZ-24 Volga. Permet de protéger le passager avant.","GAZ-24 Volga 四門客車的右前門。保持副駕駛在車內的安全。","GAZ-24 Volga セダンの右前のドア。助手席の人も安全に乗れる。","Porta direita do GAZ-24 Volga sedã. Mantém o copiloto seguro dentro do veículo.","GAZ-24 Volga 轿车右前车门。确保车内副驾驶员的安全。",
"STR_real_CivSedanDoors_BackLeft0","GAZ-24 Volga Rear Left Door","GAZ-24 Volga Rear Left Door","Levé zadní dveře GAZ-24 Volga","GAZ-24 Volga Tür hinten links","Задняя левая дверь ГАЗ-24 Волга","Tyle lewe drzwi od GAZ-24 Volga","GAZ-24 Volga Rear Left Door","Portiera posteriore sinistra GAZ-24 Volga","Puerta izquierda trasera de GAZ-24 Volga","Portière ARG de GAZ-24 Volga","GAZ-24 Volga 左後門","GAZ-24 Volga 左後ろのドア","Porta traseira esquerda GAZ-24 Volga","GAZ-24 Volga 左后车门",
"STR_real_CivSedanDoors_BackLeft1","Rear left door of the GAZ-24 Volga sedan. Keeps the passenger in the backseat safe inside the vehicle.","Rear left door of the GAZ-24 Volga sedan. Keeps the passenger in the backseat safe inside the vehicle.","Levé zadní dveře sedanu GAZ-24 Volga. Chrání spolujezdce na zadním sedadle uvnitř vozu.","Linke Hintertür der GAZ-24 Volga-Limousine. Verhindert, dass Passagiere auf der Rückbank aus dem Wagen fallen.","Задняя левая дверь седана ГАЗ-24 Волга. Обеспечивает безопасность пассажиров на заднем сиденье.","Tylne lewe drzwi od sedana GAZ-24 Volga. Dzięki nim pasażer z tyłu będzie bezpieczny.","Rear left door of the GAZ-24 Volga sedan. Keeps the passenger in the backseat safe inside the vehicle.","La portiera posteriore sinistra della berlina GAZ-24 Volga. Mantiene il passeggero seduto sul sedile posteriore al sicuro all’interno del veicolo.","Puerta izquierda trasera de la berlina GAZ-24 Volga. Mantiene a los pasajeros del asiento de atrás a salvo dentro del vehículo.","Une portière arrière gauche pour berline GAZ-24 Volga. Permet de protéger le passager arrière à gauche.","GAZ-24 Volga 四門客車的左後門。使後座乘客安全的坐在車內。","GAZ-24 Volga セダンの左後ろのドア。後部席の人も安全に乗れる。","Porta traseira esquerda do GAZ-24 Volga sedã. Mantém o passageiro no banco de trás seguro dentro do veículo.","GAZ-24 Volga 轿车左后车门。确保车内后座乘客的安全。",
"STR_real_CivSedanDoors_BackRight0","GAZ-24 Volga Rear Right Door","GAZ-24 Volga Rear Right Door","Pravé zadní dveře GAZ-24 Volga","GAZ-24 Volga Tür hinten rechts","Задняя правая дверь ГАЗ-24 Волга","Tyle prawe drzwi od GAZ-24 Volga","GAZ-24 Volga Rear Right Door","Portiera posteriore destra GAZ-24 Volga","Puerta derecha trasera de GAZ-24 Volga","Portière ARD de GAZ-24 Volga","GAZ-24 Volga 右後門","GAZ-24 Volga 右後ろのドア","Porta traseira direita GAZ-24 Volga","GAZ-24 Volga 右后车门",
"STR_real_CivSedanDoors_BackRight1","Rear right door of the GAZ-24 Volga sedan. Keeps the passenger in the backseat safe inside the vehicle.","Rear right door of the GAZ-24 Volga sedan. Keeps the passenger in the backseat safe inside the vehicle.","Pravé zadní dveře sedanu GAZ-24 Volga. Chrání spolujezdce na zadním sedadle uvnitř vozu.","Rechte Hintertür der GAZ-24 Volga-Limousine. Verhindert, dass Passagiere auf der Rückbank aus dem Wagen fallen.","Задняя правая дверь седана ГАЗ-24 Волга. Обеспечивает безопасность пассажиров на заднем сиденье.","Tylne prawe drzwi od sedana GAZ-24 Volga. Dzięki nim pasażer z tyłu będzie bezpieczny.","Rear right door of the GAZ-24 Volga sedan. Keeps the passenger in the backseat safe inside the vehicle.","La portiera posteriore destra della berlina GAZ-24 Volga. Mantiene il passeggero seduto sul sedile posteriore al sicuro all’interno del veicolo.","Puerta derecha trasera de la berlina GAZ-24 Volga. Mantiene a los pasajeros del asiento de atrás a salvo dentro del vehículo.","Une portière arrière droite pour berline GAZ-24 Volga. Permet de protéger le passager arrière à droite.","GAZ-24 Volga 四門客車的右後門。使後座乘客安全的坐在車內。","GAZ-24 Volga セダンの右後ろのドア。後部席の人も安全に乗れる。","Porta traseira direita do GAZ-24 Volga sedã. Mantém o passageiro no banco de trás seguro dentro do veículo.","GAZ-24 Volga 轿车右后车门。确保车内后座乘客的安全。",
"STR_real_CivSedanHood0","GAZ-24 Volga Hood","GAZ-24 Volga Hood","Kapota GAZ-24 Volga","GAZ-24 Volga Motorhaube","Капот ГАЗ-24 Волга","Maska od GAZ-24 Volga","GAZ-24 Volga Hood","Cofano GAZ-24 Volga","Capó de GAZ-24 Volga","Capot de GAZ-24 Volga","GAZ-24 Volga 引擎蓋","GAZ-24 Volga ボンネット","Capô GAZ-24 Volga","GAZ-24 Volga 引擎盖",
"STR_real_CivSedanHood1","Hood of the GAZ-24 Volga sedan. Helps protect the engine and other sensitive car parts.","Hood of the GAZ-24 Volga sedan. Helps protect the engine and other sensitive car parts.","Kapota sedanu GAZ-24 Volga. Chrání motor a další citlivé součástky auta.","Motorhaube der GAZ-24 Volga-Limousine. Schützt den Motor und andere empfindliche Wagenteile.","Капот седана ГАЗ-24 Волга. Помогает защитить двигатель и другие важные детали автомобиля.","Maska od sedana GAZ-24 Volga. Chroni silnik i inne delikatne części samochodu.","Hood of the GAZ-24 Volga sedan. Helps protect the engine and other sensitive car parts.","Il cofano della berlina GAZ-24 Volga. Aiuta a proteggere il motore e altri componenti delicati dell’automobile.","Capó de la berlina GAZ-24 Volga. Ayuda a proteger el motor y otras partes importantes del coche.","Un capot pour berline GAZ-24 Volga. Protège le moteur et les pièces essentielles du véhicule.","GAZ-24 Volga 四門課車的引擎蓋。保護引擎與其他脆弱零件。","GAZ-24 Volga セダンのボンネット。エンジンやその他の繊細な車のパーツを保護してくれる。","Capô do GAZ-24 Volga sedã. Ajuda a proteger o motor e outras peças sensíveis do carro.","GAZ-24 Volga 轿车的引擎盖。可帮助保护发动机和其他敏感的汽车部件。",
"STR_real_CivSedanTrunk0","GAZ-24 Volga Trunk Lid","GAZ-24 Volga Trunk Lid","Dveře od kufru GAZ-24 Volga","GAZ-24 Volga-Kofferraumklappe","Крышка багажника ГАЗ-24 Волга","Klapa bagażnika od GAZ-24 Volga","GAZ-24 Volga Trunk Lid","Cofano posteriore GAZ-24 Volga","Maletero de GAZ-24 Volga","Coffre de GAZ-24 Volga","GAZ-24 Volga 車廂蓋","GAZ-24 Volga トランクリッド","Tampa de porta-malas GAZ-24 Volga","GAZ-24 Volga 后备箱盖",
"STR_real_CivSedanTrunk1","Trunk lid of the GAZ-24 Volga sedan. Used for keeping trunk contents closed.","Trunk lid of the GAZ-24 Volga sedan. Used for keeping trunk contents closed.","Dveře od kufru sedanu GAZ-24 Volga. Používá se k uzavření nákladu v kufru.","Kofferraumklappe der GAZ-24 Volga-Limousine. Schützt den Inhalt des Kofferraums.","Крышка багажника седана ГАЗ-24 Волга. Не дает содержимому багажника выпасть.","Klapa bagażnika od sedana GAZ-24 Volga. Dzięki niej zawartość bagażnika pozostaje w bagażniku.","Trunk lid of the GAZ-24 Volga sedan. Used for keeping trunk contents closed.","Il cofano posteriore della berlina GAZ-24 Volga. Utilizzato per mantenere al sicuro il contenuto del portabagagli.","Puerta del maletero de la berlina GAZ-24 Volga. Se usa para guardar el contenido del maletero.","Un coffre pour berline GAZ-24 Volga. Permet de fermer le coffre et d'en protéger le contenu.","GAZ-24 Volga 四門客車的車廂蓋。鎖住車廂內的物品。","GAZ-24 Volga セダンのトランクリッド。トランクに入れた物が飛び出さないように使用される。","Tampa de porta-malas do GAZ-24 Volga sedã. Usada para manter o conteúdo do porta-malas fechado.","GAZ-24 Volga 轿车的后备箱盖。用于关住后备箱装的东西。",
"STR_real_CivHatchback0","Volkswagen Golf II","Volkswagen Golf II","Volkswagen Golf II","Volkswagen Golf II","Volkswagen Golf II","Volkswagen Golf II","Volkswagen Golf II","Volkswagen Golf II","Volkswagen Golf II","Volkswagen Golf II","Volkswagen Golf II","Volkswagen Golf II","Volkswagen Golf II","Volkswagen Golf II",
"STR_real_CivHatchbackWheel0","Volkswagen Golf II Wheel","Volkswagen Golf II Wheel","Kolo Volkswagen Golf II","Volkswagen Golf II-Reifen","Колесо Volkswagen Golf II","Koło od Volkswagen Golf II","Volkswagen Golf II Wheel","Ruota Volkswagen Golf II","Rueda de Volkswagen Golf II","Roue de Volkswagen Golf II","Volkswagen Golf II 輪胎","Volkswagen Golf II 車輪","Roda Volkswagen Golf II","Volkswagen Golf II 车轮",
"STR_real_CivHatchbackWheel1","Wheel of the Volkswagen Golf II hatchback. Tire pattern is designed for high performance on normal road surfaces.","Wheel of the Volkswagen Golf II hatchback. Tire pattern is designed for high performance on normal road surfaces.","Kolo hatchbacku Volkswagen Golf II. Vzorek pneumatiky je navržen k vysokým rychlostem na běžném povrchu vozovky.","Ein Reifen für die Volkswagen Golf II-Kombilimousine. Das Reifenprofil ist für gewöhnliche Straßenbeläge optimiert.","Колесо хэтчбека Volkswagen Golf II. Рисунок протектора обеспечивает высокую маневренность на нормальных дорожных покрытиях.","Koło hatchbacka Volkswagen Golf II. Wzór bieżnika usprawnia jazdę po normalnych drogach.","Wheel of the Volkswagen Golf II hatchback. Tire pattern is designed for high performance on normal road surfaces.","Una ruota della due volumi Volkswagen Golf II. Pneumatico con battistrada concepito per offrire prestazioni elevate su strade normali.","Rueda para el Volkswagen Golf II. El patrón de la rueda está diseñado para ofrecer un gran rendimiento en superficies normales.","Une roue pour berline à hayon Volkswagen Golf II. Le pneu offre de très bonnes performances sur route.","Volkswagen Golf II 掀背車的輪胎。輪胎紋路是專為一般路面所設計，性能優異。","Volkswagen Golf II ハッチバックの車輪。タイヤの模様は普通の道路で高性能を見せるようにデザインされている。","Roda do hatchback Volkswagen Golf II. O padrão dos pneus é projetado para alto desempenho em superfícies normais de estrada.","Volkswagen Golf II 掀背车的车轮。轮胎花纹设计可确保在普通道路路面上保持高性能。",
"STR_real_CivHatchbackDoors_Driver0","Volkswagen Golf II Front Left Door","Volkswagen Golf II Front Left Door","Levé přední dveře Volkswagen Golf II","Volkswagen Golf II Tür vorne links","Передняя левая дверь Volkswagen Golf II","Przednie lewe drzwi od Volkswagen Golf II","Volkswagen Golf II Front Left Door","Portiera anteriore sinistra Volkswagen Golf II","Puerta izquierda delantera de Volkswagen Golf II","Portière AVG de Volkswagen Golf II","Volkswagen Golf II 左前門","Volkswagen Golf II 左前のドア","Porta dianteira esquerda Volkswagen Golf II","Volkswagen Golf II 左前车门",
"STR_real_CivHatchbackDoors_Driver1","Front left door of the Volkswagen Golf II hatchback. Keeps driver safe inside vehicle.","Front left door of the Volkswagen Golf II hatchback. Keeps driver safe inside vehicle.","Levé přední dveře hatchbacku Volkswagen Golf II. Zajišťují bezpečnost řidiče uvnitř auta.","Linke Vordertür der Volkswagen Golf II-Kombilimousine. Verhindert, dass der Fahrer aus dem Wagen fällt.","Передняя левая дверь хэтчбека Volkswagen Golf II. Обеспечивает безопасность водителя внутри автомобиля.","Przednie lewe drzwi od hatchbacka Volkswagen Golf II. Dzięki nim kierowca będzie bezpieczny.","Front left door of the Volkswagen Golf II hatchback. Keeps driver safe inside vehicle.","La portiera anteriore sinistra della due volumi Volkswagen Golf II. Mantiene il pilota al sicuro all’interno del veicolo.","Puerta izquierda delantera del Volkswagen Golf II. Mantiene al piloto a salvo dentro del vehículo.","Une portière avant gauche pour la berline à hayon Volkswagen Golf II. Permet de protéger le conducteur.","Volkswagen Golf II 掀背車的左前門。保持駕駛在車內的安全。","Volkswagen Golf II ハッチバックの左前のドア。運転席の人も安全に乗れる。","Porta dianteira esquerda do Volkswagen Golf II. Mantém o motorista seguro dentro do veículo.","Volkswagen Golf II 掀背车的左前车门。可确保车内驾驶员的安全。",
"STR_real_CivHatchbackDoors_CoDriver0","Volkswagen Golf II Front Right Door","Volkswagen Golf II Front Right Door","Pravé přední dveře Volkswagen Golf II","Volkswagen Golf II Tür vorne rechts","Передняя правая дверь Volkswagen Golf II","Przednie prawe drzwi od Volkswagen Golf II","Volkswagen Golf II Front Right Door","Portiera anteriore destra Volkswagen Golf II","Puerta derecha delantera de Volkswagen Golf II","Portière AVD de Volkswagen Golf II","Volkswagen Golf II 右前門","Volkswagen Golf II 右前のドア","Porta dianteira direita Volkswagen Golf II","Volkswagen Golf II 右前车门",
"STR_real_CivHatchbackDoors_CoDriver1","Front right door of the Volkswagen Golf II hatchback. Keeps co-driver safe inside vehicle.","Front right door of the Volkswagen Golf II hatchback. Keeps co-driver safe inside vehicle.","Pravé přední dveře hatchbacku Volkswagen Golf II. Zajišťují bezpečnost spolujezdce uvnitř auta.","Rechte Vordertür der Volkswagen Golf II-Kombilimousine. Verhindert, dass der Beifahrer aus dem Wagen fällt.","Передняя правая дверь хэтчбека Volkswagen Golf II. Обеспечивает безопасность пассажира внутри автомобиля.","Przednie prawe drzwi od hatchbacka Volkswagen Golf II. Dzięki nim drugi kierowca będzie bezpieczny.","Front right door of the Volkswagen Golf II hatchback. Keeps co-driver safe inside vehicle.","La portiera anteriore destra della due volumi Volkswagen Golf II. Mantiene il co-pilota al sicuro all’interno del veicolo.","Puerta derecha delantera del Volkswagen Golf II. Mantiene al copiloto a salvo dentro del vehículo.","Une portière avant droite pour la berline à hayon Volkswagen Golf II. Permet de protéger le passager avant.","Volkswagen Golf II 掀背車的右前門。保持副駕駛在車內的安全。","Volkswagen Golf II ハッチバックの右前のドア。助手席の人も安全に乗れる。","Porta dianteira direita do Volkswagen Golf II. Mantém o copiloto seguro dentro do veículo.","Volkswagen Golf II 掀背车的右前车门。可确保车内副驾驶员的安全。",
"STR_real_CivHatchbackDoors_RearLeft0","Volkswagen Golf II Rear Left Door","Volkswagen Golf II Rear Left Door","Levé zadní dveře Volkswagen Golf II","Volkswagen Golf II Tür hinten links","Задняя левая дверь Volkswagen Golf II","Tylne lewe drzwi od Volkswagen Golf II","Volkswagen Golf II Rear Left Door","Portiera posteriore sinistra Volkswagen Golf II","Puerta izquierda trasera de Volkswagen Golf II","Portière ARG de Volkswagen Golf II","Volkswagen Golf II 左後門","Volkswagen Golf II 左後ろのドア","Porta traseira esquerda Volkswagen Golf II","Volkswagen Golf II 左后车门",
"STR_real_CivHatchbackDoors_RearLeft1","Rear left door of the Volkswagen Golf II hatchback. Keeps passenger in back seat safe inside vehicle.","Rear left door of the Volkswagen Golf II hatchback. Keeps passenger in back seat safe inside vehicle.","Levé zadní dveře hatchbacku Volkswagen Golf II. Zajišťují bezpečnost řidiče uvnitř auta.","Linke Hintertür der Volkswagen Golf II-Kombilimousine. Verhindert, dass der Fahrgast aus dem Wagen fällt.","Задняя левая дверь хэтчбека Volkswagen Golf II. Обеспечивает безопасность пассажиров на заднем сиденье.","Tylne lewe drzwi od hatchbacka Volkswagen Golf II. Dzięki nim pasażer z tyłu będzie bezpieczny.","Rear left door of the Volkswagen Golf II hatchback. Keeps passenger in back seat safe inside vehicle.","La portiera posteriore sinistra della due volumi Volkswagen Golf II. Mantiene il passeggero seduto sul sedile posteriore al sicuro all’interno del veicolo.","Puerta izquierda trasera de Volkswagen Golf II. Mantiene a los pasajeros del asiento de atrás a salvo dentro del vehículo.","Une portière arrière gauche pour la berline à hayon Volkswagen Golf II. Permet de protéger le passager arrière à gauche.","Volkswagen Golf II 掀背車的左後門。使後座乘客安全的坐在車內。","Volkswagen Golf II ハッチバックの左後ろのドア。後部席の人も安全に乗れる。","Porta traseira esquerda do Volkswagen Golf II. Mantém o passageiro no banco de trás seguro dentro do veículo.","Volkswagen Golf II 掀背车的左后车门。可确保车内后座位上乘客的安全。",
"STR_real_CivHatchbackDoors_RearRight0","Volkswagen Golf II Rear Right Door","Volkswagen Golf II Rear Right Door","Pravé zadní dveře Volkswagen Golf II","Volkswagen Golf II Tür hinten rechts","Задняя правая дверь Volkswagen Golf II","Tylne prawe drzwi od Volkswagen Golf II","Volkswagen Golf II Rear Right Door","Portiera posteriore destra Volkswagen Golf II","Puerta derecha trasera de Volkswagen Golf II","Portière ARD de Volkswagen Golf II","Volkswagen Golf II 右後門","Volkswagen Golf II 右後ろのドア","Porta traseira direita Volkswagen Golf II","Volkswagen Golf II 右后车门",
"STR_real_CivHatchbackDoors_RearRight1","Rear right door of the Volkswagen Golf II hatchback. Keeps passenger in back seat safe inside vehicle.","Rear right door of the Volkswagen Golf II hatchback. Keeps passenger in back seat safe inside vehicle.","Pravé zadní dveře hatchbacku Volkswagen Golf II. Zajišťují bezpečnost cestujícího uvnitř auta.","Rechte Hintertür der Volkswagen Golf II-Kombilimousine. Verhindert, dass der Fahrgast aus dem Wagen fällt.","Задняя правая дверь хэтчбека Volkswagen Golf II. Обеспечивает безопасность пассажиров на заднем сиденье.","Tylne prawe drzwi od hatchbacka Volkswagen Golf II. Dzięki nim pasażer z tyłu będzie bezpieczny.","Rear right door of the Volkswagen Golf II hatchback. Keeps passenger in back seat safe inside vehicle.","La portiera posteriore destra della due volumi Volkswagen Golf II. Mantiene il passeggero seduto sul sedile posteriore al sicuro all’interno del veicolo.","Puerta derecha trasera del Volkswagen Golf II. Mantiene a los pasajeros del asiento de atrás a salvo dentro del vehículo.","Une portière arrière droite pour la berline à hayon Volkswagen Golf II. Permet de protéger le passager arrière à droite.","Volkswagen Golf II 掀背車的右後門。使後座乘客安全的坐在車內。","Volkswagen Golf II ハッチバックの右後ろのドア。後部席の人も安全に乗れる。","Porta traseira direita do Volkswagen Golf II. Mantém o passageiro no banco de trás seguro dentro do veículo.","Volkswagen Golf II 掀背车的右后车门。可确保车内后座位上乘客的安全。",
"STR_real_CivHatchbackDoors_Hood0","Volkswagen Golf II Hood","Volkswagen Golf II Hood","Kapota Volkswagen Golf II","Volkswagen Golf II Motorhaube","Капот Volkswagen Golf II","Maska od Volkswagen Golf II","Volkswagen Golf II Hood","Cofano Volkswagen Golf II","Capó de Volkswagen Golf II","Capot de Volkswagen Golf II","Volkswagen Golf II 引擎蓋","Volkswagen Golf II ボンネット","Capô Volkswagen Golf II","Volkswagen Golf II 引擎盖",
"STR_real_CivHatchbackDoors_Hood1","Hood of the Volkswagen Golf II hatchback. Helps protect the engine and other sensitive car parts.","Hood of the Volkswagen Golf II hatchback. Helps protect the engine and other sensitive car parts.","Kapota hatchbacku Volkswagen Golf II. Chrání motor a další citlivé součásti auta.","Motorhaube der Volkswagen Golf II-Kombilimousine. Schützt den Motor und andere empfindliche Wagenteile.","Капот хэтчбека Volkswagen Golf II. Помогает защитить двигатель и другие важные детали автомобиля.","Maska od hatchbacka Volkswagen Golf II. Chroni silnik i inne delikatne części samochodu.","Hood of the Volkswagen Golf II hatchback. Helps protect the engine and other sensitive car parts.","Il cofano della due volumi Volkswagen Golf II. Aiuta a proteggere il motore e altri componenti delicati dell’automobile.","Capó de Volkswagen Golf II. Ayuda a proteger el motor y otras partes importantes del coche.","Un capot pour la berline à hayon Volkswagen Golf II. Protège le moteur et les pièces essentielles du véhicule.","Volkswagen Golf II 掀背車的引擎蓋。保護引擎與其他脆弱零件。","Volkswagen Golf II ハッチバックのボンネット。エンジンやその他の繊細な車のパーツを保護してくれる。","Capô do hatchback Volkswagen Golf II. Ajuda a proteger o motor e outras peças sensíveis do carro.","Volkswagen Golf II 掀背车的引擎盖。可帮助保护发动机和其他易损汽车部件。",
"STR_real_CivHatchbackDoors_Trunk0","Volkswagen Golf II Trunk Door","Volkswagen Golf II Trunk Door","Dveře od kufru Volkswagen Golf II","Volkswagen Golf II-Hecktür","Дверь багажника Volkswagen Golf II","Klapa bagażnika od Volkswagen Golf II","Volkswagen Golf II Trunk Door","Portellone posteriore Volkswagen Golf II","Puerta del maletero de Volkswagen Golf II","Coffre de Volkswagen Golf II","Volkswagen Golf II 車廂門","Volkswagen Golf II トランクドア","Tampa de porta-malas Volkswagen Golf II","Volkswagen Golf II 后备箱门",
"STR_real_CivHatchbackDoors_Trunk1","Trunk door of the Volkswagen Golf II hatchback. Used for keeping trunk contents closed.","Trunk door of the Volkswagen Golf II hatchback. Used for keeping trunk contents closed.","Dveře od kufru hatchbacku Volkswagen Golf II. Slouží k uzavření nákladu v kufru.","Hecktür der Volkswagen Golf II-Kombilimousine. Schützt den Inhalt des Kofferraums.","Дверь багажника хэтчбека Volkswagen Golf II. Не дает содержимому багажника выпасть.","Klapa bagażnika od hatchbacka Volkswagen Golf II. Dzięki niej zawartość bagażnika pozostaje w bagażniku.","Trunk door of the Volkswagen Golf II hatchback. Used for keeping trunk contents closed.","Il portellone posteriore della due volumi Volkswagen Golf II. Utilizzato per mantenere al sicuro il contenuto del portabagagli.","Puerta del maletero del Volkswagen Golf II. Evita que las cosas se caigan del maletero.","Un hayon pour Volkswagen Golf II. Permet de fermer le coffre et d'en protéger le contenu.","Volkswagen Golf II 掀背車的車廂門。鎖住車廂內的物品。","Volkswagen Golf II ハッチバックのトランクのドア。トランクに入れた物が飛び出さないように使用される。","Tampa de porta-malas do Volkswagen Golf II. Usada para manter o conteúdo do porta-malas fechado.","Volkswagen Golf II 掀背车的后备箱门。用于关住后备箱中的东西。",
"STR_real_Sedan_020","Škoda 120","Škoda 120","Škoda 120","Škoda 120","Škoda 120","Škoda 120","Škoda 120","Škoda 120","Škoda 120","Škoda 120","Škoda 120","Škoda 120 セダン","Škoda 120","Škoda 120",
"STR_real_Sedan_02_Wheel0","Škoda 120 Wheel","Škoda 120 Wheel","Kolo Škoda 120","Škoda 120-Reifen","Колесо Škoda 120","Koło od Škoda 120","Škoda 120 Wheel","Ruota Škoda 120","Rueda de Škoda 120","Roue de Škoda 120","Škoda 120 車輪","Škoda 120 セダン 車輪","Roda Škoda 120","Škoda 120 车轮",
"STR_real_Sedan_02_Wheel1","Wheel of the Škoda 120. The tire pattern isn't really designed for off-road performance.","Wheel of the Škoda 120. The tire pattern isn't really designed for off-road performance.","Kolo vozidla Škoda 120. Vzorek pneumatiky se příliš nehodí do terénu.","Reifen für den Škoda 120. Das Profil ist nicht auf Offroad-Performance ausgelegt.","Колесо Škoda 120. Рисунок протектора не предназначен для езды по бездорожью.","Koło od Škoda 120. Bieżnik opony nie jest przystosowany do jazdy terenowej.","Wheel of the Škoda 120. The tire pattern isn't really designed for off-road performance.","Una ruota della Škoda 120. Pneumatico con battistrada non proprio concepito per prestazioni fuoristrada.","Rueda de Škoda 120. El patrón de las ruedas no está diseñado para ser todoterreno.","Roue de Škoda 120. Le dessin du pneu n'est pas vraiment conçu pour une utilisation tout-terrain.","Škoda 120 的車輪。輪胎圖案設計並不適合越野行駛。","Škoda 120 セダンの車輪。オフロードでの仕様には適していない。","Roda do Škoda 120. O padrão dos pneus não foi projetado para off-road.","Škoda 120 的车轮。轮胎花纹设计并不适合越野行驶。",
"STR_real_Sedan_02_Door_1_10","Škoda 120 Front Left Door","Škoda 120 Front Left Door","Levé přední dveře Škoda 120","Škoda 120 Tür vorne links","Передняя левая дверь Škoda 120","Przednie lewe drzwi od Škoda 120","Škoda 120 Front Left Door","Portiera anteriore sinistra Škoda 120","Puerta izquierda delantera de Škoda 120","Portière AVG de Škoda 120","Škoda 120 左前門","Škoda 120 セダン 左前のドア","Porta dianteira esquerda Škoda 120","Škoda 120 左前车门",
"STR_real_Sedan_02_Door_1_11","Front left door of the Škoda 120 that keeps the driver safe inside the vehicle.","Front left door of the Škoda 120 that keeps the driver safe inside the vehicle.","Levé přední dveře vozidla Škoda 120. Chrání řidiče uvnitř vozu.","Linke Vordertür des Škoda 120. Verhindert, dass der Fahrer aus dem Wagen fällt.","Передняя левая дверь Škoda 120. Обеспечивает безопасность водителя внутри автомобиля.","Przednie lewe drzwi od Škoda 120. Dzięki nim kierowca będzie bezpieczny.","Front left door of the Škoda 120 that keeps the driver safe inside the vehicle.","La portiera anteriore sinistra della Škoda 120. Mantiene il pilota al sicuro all’interno del veicolo.","Puerta izquierda delantera del Škoda 120. Mantiene al conductor a salvo dentro del vehículo.","Une portière avant gauche pour la Škoda 120. Protège le conducteur.","Škoda 120 的左前門，保持駕駛員在車內的安全。","Škoda 120 セダンの左前のドア。運転席の人も安全に乗れる。","Porta dianteira esquerda do Škoda 120 que mantém o motorista seguro dentro do veículo.","Škoda 120 左前车门，可确保车内驾驶员的安全。",
"STR_real_Sedan_02_Door_2_10","Škoda 120 Front Right Door","Škoda 120 Front Right Door","Pravé přední dveře Škoda 120","Škoda 120 Tür vorne rechts","Передняя правая дверь Škoda 120","Przednie prawe drzwi od Škoda 120","Škoda 120 Front Right Door","Portiera anteriore destra Škoda 120","Puerta derecha delantera de Škoda 120","Portière AVD de Škoda 120","Škoda 120 右前門","Škoda 120 セダン 右前のドア","Porta dianteira direita Škoda 120","Škoda 120 右前车门",
"STR_real_Sedan_02_Door_2_11","Front right door of the Škoda 120 that keeps the co-driver safe inside the vehicle.","Front right door of the Škoda 120 that keeps the co-driver safe inside the vehicle.","Pravé přední dveře vozidla Škoda 120. Chrání spolujezdce vepředu.","Rechte Vordertür des Škoda 120. Verhindert, dass der Beifahrer aus dem Wagen fällt.","Передняя правая дверь Škoda 120. Обеспечивает безопасность пассажира внутри автомобиля.","Przednie prawe drzwi od Škoda 120. Dzięki nim drugi kierowca będzie bezpieczny.","Front right door of the Škoda 120 that keeps the co-driver safe inside the vehicle.","La portiera anteriore destra della Škoda 120. Mantiene il copilota al sicuro all’interno del veicolo.","Puerta derecha delantera del Škoda 120. Mantiene al copiloto a salvo dentro del vehículo.","Une portière avant droite pour la Škoda 120. Protège le passager avant.","Škoda 120 的右前門，保持副駕駛在車內的安全。","Škoda 120 セダンの右前のドア。助手席の人も安全に乗れる。","Porta direita do Škoda 120, mantém o copiloto seguro dentro do veículo.","Škoda 120 右前车门，可确保车内驾驶员的安全。",
"STR_real_Sedan_02_Door_1_20","Škoda 120 Rear Left Door","Škoda 120 Rear Left Door","Levé zadní dveře Škoda 120","Škoda 120 Tür hinten links","Задняя левая дверь Škoda 120","Tylne lewe drzwi od Škoda 120","Škoda 120 Rear Left Door","Portiera posteriore sinistra Škoda 120","Puerta izquierda trasera de Škoda 120","Portière ARG de Škoda 120","Škoda 120 左後門","Škoda 120 セダン 左後ろのドア","Porta traseira esquerda Škoda 120","Škoda 120 左后车门",
"STR_real_Sedan_02_Door_1_21","Rear left door of the Škoda 120 that keeps the passenger in back seat safe inside the vehicle.","Rear left door of the Škoda 120 that keeps the passenger in back seat safe inside the vehicle.","Levé zadní dveře vozidla Škoda 120. Chrání spolujezdce na zadním sedadle uvnitř vozu.","Linke Hintertür des Škoda 120. Verhindert, dass Passagiere auf der Rückbank aus dem Wagen fallen.","Задняя левая дверь Škoda 120. Обеспечивает безопасность пассажиров на заднем сиденье.","Tylne lewe drzwi od Škoda 120. Dzięki nim pasażer z tyłu będzie bezpieczny.","Rear left door of the Škoda 120 that keeps the passenger in back seat safe inside the vehicle.","La portiera posteriore sinistra della Škoda 120. Mantiene il passeggero seduto sul sedile posteriore al sicuro all’interno del veicolo.","Puerta izquierda trasera del Škoda 120. Mantiene a los pasajeros del asiento de atrás a salvo dentro del vehículo.","Une portière arrière gauche pour la Škoda 120. Protège le passager arrière gauche.","Škoda 120 的左後門，使後座乘客安全的坐在車內。","Škoda 120 セダン セダンの左後ろのドア。後部席の人も安全に乗れる。","Porta traseira esquerda do Škoda 120, mantém o passageiro no banco de trás seguro dentro do veículo.","Škoda 120 左后车门，可确保车内后座乘客的安全。",
"STR_real_Sedan_02_Door_2_20","Škoda 120 Rear Right Door","Škoda 120 Rear Right Door","Pravé zadní dveře Škoda 120","Škoda 120 Tür hinten rechts","Задняя правая дверь Škoda 120","Tylne prawe drzwi od Škoda 120","Škoda 120 Rear Right Door","Portiera posteriore destra Škoda 120","Puerta derecha trasera de Škoda 120","Portière ARD de Škoda 120","Škoda 120 右後門","Škoda 120 セダン 右後ろのドア","Porta traseira direita Škoda 120","Škoda 120 右后车门",
"STR_real_Sedan_02_Door_2_21","Rear right door of the Škoda 120. Keeps passenger in back seat safe inside vehicle.","Rear right door of the Škoda 120. Keeps passenger in back seat safe inside vehicle.","Pravé zadní dveře vozidla Škoda 120. Zajišťují bezpečnost cestujícího uvnitř auta.","Rechte Hintertür des Škoda 120. Verhindert, dass der Fahrgast aus dem Wagen fällt.","Задняя правая дверь Škoda 120. Обеспечивает безопасность пассажиров на заднем сиденье.","Tylne prawe drzwi od Škoda 120. Dzięki nim pasażer z tyłu będzie bezpieczny.","Rear right door of the Škoda 120. Keeps passenger in back seat safe inside vehicle.","La portiera posteriore destra della Škoda 120. Mantiene il passeggero seduto sul sedile posteriore al sicuro all’interno del veicolo.","Puerta derecha trasera del Škoda 120. Mantiene a los pasajeros del asiento de atrás a salvo dentro del vehículo.","Une portière arrière droite pour la Škoda 120. Protège le passager arrière droit.","Škoda 120 的右後門。使後座乘客安全的坐在車內。","Škoda 120 セダンの右後ろのドア。後部席の人も安全に乗れる。","Porta traseira direita do Škoda 120. Mantém o passageiro no banco de trás seguro dentro do veículo.","Škoda 120 的右后车门。可确保车内后座位上乘客的安全。",
"STR_real_Sedan_02_Hood0","Škoda 120 Hood","Škoda 120 Hood","Kapota Škoda 120","Škoda 120 Motorhaube","Капот Škoda 120","Maska od Škoda 120","Škoda 120 Hood","Cofano Škoda 120","Capó de Škoda 120","Capot de Škoda 120","Škoda 120 引擎蓋","Škoda 120 セダン ボンネット","Capô Škoda 120","Škoda 120 引擎盖",
"STR_real_Sedan_02_Hood1","Hood of the Škoda 120. Used for keeping hood contents safe.","Hood of the Škoda 120. Used for keeping hood contents safe.","Kapota vozidla Škoda 120. Používá se k zabezpečení součástek pod kapotou.","Motorhaube für den Škoda 120. Schützt, was unter der Motorhaube aufbewahrt wird.","Капот Škoda 120. Обеспечивает безопасность содержимого капота.","Maska od Škoda 120. Chroni znajdującą się pod nią zawartość.","Hood of the Škoda 120. Used for keeping hood contents safe.","Il cofano della Škoda 120. Utilizzato per mantenere al sicuro il contenuto protetto dal portello.","Capó del Škoda 120. Se usa para mantener a salvo lo que haya bajo el capó.","Capot de Škoda 120. Protège le contenu du coffre contre les intempéries.","Škoda 120 引擎蓋。適用於確保引擎蓋內物品的安全。","Škoda 120 セダンのボンネット。ボンネット内の物を保護してくれる。","Capô do Škoda 120. Usado para manter o conteúdo do capô seguro.","Škoda 120 的引擎盖。用于确保引擎盖内物品的安全。",
"STR_real_Sedan_02_Trunk0","Škoda 120 Trunk Door","Škoda 120 Trunk Door","Dveře od kufru Škoda 120","Škoda 120 Hecktür","Дверь багажника Škoda 120","Klapa bagażnika od Škoda 120","Škoda 120 Trunk Door","Portellone posteriore Škoda 120","Puerta del maletero de Škoda 120","Hayon de Škoda 120","Škoda 120 車廂門","Škoda 120 セダン トランクドア","Tampa porta-malas Škoda 120","Škoda 120 后备箱门",
"STR_real_Sedan_02_Trunk1","Trunk door of the Škoda 120 that helps to protect the engine and other sensitive car parts.","Trunk door of the Škoda 120 that helps to protect the engine and other sensitive car parts.","Dveře od kufru vozidla Škoda 120. Chrání motor a další citlivé části auta.","Hecktür des Škoda 120. Schützt den Motor und andere empfindliche Wagenteile.","Дверь багажника Škoda 120. Помогает защитить двигатель и другие важные детали автомобиля.","Klapa bagażnika od Škoda 120 chroniąca silnik i inne delikatne części samochodu.","Trunk door of the Škoda 120 that helps to protect the engine and other sensitive car parts.","Il portellone posteriore della Škoda 120. Aiuta a proteggere il motore e altri componenti delicati dell’automobile.","Puerta del maletero del Škoda 120. Ayuda a proteger el motor y otras partes importantes del coche.","Un hayon de Škoda 120. Protège le moteur et les pièces essentielles du véhicule.","Škoda 120 的車廂門，保護引擎與其他脆弱零件。","Škoda 120 セダンのトランクのドア。エンジンやその他の繊細な車のパーツを保護してくれる。","Tampa de porta-malas do Škoda 120 que ajuda a proteger o motor e outras peças sensíveis do carro.","Škoda 120 的后备箱门，可帮助保护发动机和其他易损汽车部件。",
"STR_real_V3S_Covered0","Praga V3S Covered","Praga V3S Covered","Praga V3S krytá","Praga V3S mit Abdeckung","Крытый Praga V3S","Praga V3S z naczepą","Praga V3S Covered","Praga V3S coperto","Praga V3S cubierta","Praga V3S bâché","Praga V3S（帶雨蓬）","Praga V3S カバー付き","Praga V3S coberto","帶雨蓬的 Praga V3S",
"STR_real_V3SWheel0","Praga V3S Wheel","Praga V3S Wheel","Kolo Praga V3S","Praga V3S-Reifen","Колесо Praga V3S","Koło od Praga V3S","Praga V3S Wheel","Ruota Praga V3S","Rueda de Praga V3S","Roue de Praga V3S","Praga V3S 輪胎","Praga V3S 車輪","Roda Praga V3S","Praga V3S 车轮",
"STR_real_V3SWheel1","A wheel of the Praga V3S off-road truck. Deep tread and specific profile provide grip in difficult terrains.","A wheel of the Praga V3S off-road truck. Deep tread and specific profile provide grip in difficult terrains.","Kolo terénního náklaďáku Praga V3S. Hluboký vzorek a speciální profil pásů zabraňují prokluzování v náročném terénu.","Ein Reifen für den Praga V3S-Offroad-LKW. Das tiefe Profil sorgt für guten Halt in schwierigem Gelände.","Колесо внедорожника Praga V3S. Глубокий протектор и специальный профиль обеспечивают сцепление на труднопроходимых участках дороги.","Koło ciężarówki terenowej Praga V3S. Głęboki bieżnik i dobry profil zapewniają przyczepność nawet na najgorszych podłożach.","A wheel of the Praga V3S off-road truck. Deep tread and specific profile provide grip in difficult terrains.","Una ruota del camion da fuoristrada Praga V3S. Pneumatico con scanalature profonde e profilo specifico che fornisce l’aderenza necessaria su terreni difficili.","Una rueda de la camioneta todoterreno Praga V3S. Su perfil específico y el neumático acanalado otorgan un buen agarre en terrenos difíciles.","Une roue pour camion tout-terrain Praga V3S. Dispose d'une sculpture et d'un profil spécial pour conserver l'adhérence en terrain accidenté.","Praga V3S 越野卡車的輪胎。深胎紋設計與特殊的胎廓提供了崎嶇地形必要的抓地力。","Praga V3S オフロードトラックの車輪。深い溝を持つトレッドパターンと特殊な形状のお陰で、不整地形でも滑らない。","Uma roda do caminhão off-road Praga V3S. Sulcos profundos e um perfil específico fornecem aderência em terrenos difíceis.","Praga V3S 越野卡车的车轮。深花纹和特定的轮廓可在崎岖的地形中提供良好的抓地力。",
"STR_real_V3SWheelDouble0","Praga V3S Dual Wheel","Praga V3S Dual Wheel","Dvojkolo Praga V3S","Praga V3S-Doppelreifen","Двухскатное колесо Praga V3S","Podwójne koło od Praga V3S","Praga V3S Dual Wheel","Ruota gemellata Praga V3S","Rueda doble de Praga V3S","Roue double de Praga V3S","Praga V3S 雙輪","Praga V3S 複車輪","Roda dupla Praga V3S","Praga V3S 双轮",
"STR_real_V3SWheelDouble1","Dual wheel of the Praga V3S off-road truck. Used to keep heavy loaded truck steady while providing needed grip.","Dual wheel of the Praga V3S off-road truck. Used to keep heavy loaded truck steady while providing needed grip.","Dvojkolo terénního náklaďáku Praga V3S. Pomáhá udržovat stabilitu těžce naloženého vozidla a zabraňuje prokluzování.","Doppelreifen des Praga V3S-Offroad-LKW. Hält den schwer beladenen LKW stabil und bietet guten Halt.","Двухскатное колесо внедорожника Praga V3S. Улучшает управляемость и сцепление загруженного грузовика.","Podwójne koło ciężarówki terenowej Praga V3S. Zapewnia pojazdowi stabilność i odpowiednią przyczepność.","Dual wheel of the Praga V3S off-road truck. Used to keep heavy loaded truck steady while providing needed grip.","Una ruota gemellata del camion da fuoristrada Praga V3S. Utilizzata per mantenere stabile il camion a carico elevato e fornire, allo stesso tempo, l’aderenza necessaria.","Rueda doble de la camioneta todoterreno Praga V3S. Se usa para mantener estable la camioneta a la par que se ofrece agarre.","Une roue double pour camion tout-terrain Praga V3S. Confère maniabilité et adhérence à ce camion même lorsqu'il est chargé.","Praga V3S 越野卡車的雙輪。保持重裝卡車的穩定性，同時提供必要的抓地力。","Praga V3S オフロードトラックの複車輪。重たい荷物を載せているトラックが安定して滑らずに走行できるように使用される。","Roda dupla do caminhão off-road Praga V3S. Usada para manter o caminhão com carga pesada estável ao mesmo tempo que fornece a aderência necessária.","Praga V3S 越野卡车的双轮。用于保持重型卡车稳定，同时提供所需的抓地力。",
"STR_real_V3SDoors_Driver0","Praga V3S Left Door","Praga V3S Left Door","Levé dveře Praga V3S","Praga V3S-Tür links","Левая дверь Praga V3S","Lewe drzwi od Praga V3S","Praga V3S Left Door","Portiera sinistra Praga V3S","Puerta izquierda de Praga V3S","Portière gauche de Praga V3S","Praga V3S 左門","Praga V3S 左のドア","Porta esquerda Praga V3S","Praga V3S 左门",
"STR_real_V3SDoors_Driver1","Front left door of the Praga V3S off-road truck. Keeps the driver safe inside the vehicle.","Front left door of the Praga V3S off-road truck. Keeps the driver safe inside the vehicle.","Levé přední dveře terénního náklaďáku Praga V3S. Zajišťují bezpečnost řidiče uvnitř auta.","Linke Vordertür des Praga V3S-Offroad-LKW. Verhindert, dass der Fahrer aus dem Wagen fällt.","Передняя левая дверь внедорожника Praga V3S. Обеспечивает безопасность водителя внутри автомобиля.","Przednie lewe drzwi od ciężarówki terenowej Praga V3S. Dzięki nim kierowca będzie bezpieczny.","Front left door of the Praga V3S off-road truck. Keeps the driver safe inside the vehicle.","La portiera anteriore sinistra del camion da fuoristrada Praga V3S. Mantiene il pilota al sicuro all’interno del veicolo.","Puerta izquierda delantera de la camioneta todoterreno Praga V3S. Mantiene al piloto a salvo dentro del vehículo.","Une portière avant gauche pour camion tout-terrain Praga V3S. Permet de protéger le conducteur.","Praga V3S 越野卡車的左前門。保持駕駛在車內的安全。","Praga V3S オフロードトラックの左前のドア。運転席の人も安全に乗れる。","Porta dianteira esquerda do caminhão Praga V3S. Mantém o motorista seguro dentro do veículo.","Praga V3S 越野卡车的左前车门。可确保驾驶员在车内的安全。",
"STR_real_V3SDoors_CoDriver0","Praga V3S Right Door","Praga V3S Right Door","Pravé dveře Praga V3S","Praga V3S-Tür rechts","Правая дверь Praga V3S","Prawe drzwi od Praga V3S","Praga V3S Right Door","Portiera destra Praga V3S","Puerta derecha de Praga V3S","Portière droite de Praga V3S","Praga V3S 右門","Praga V3S 右のドア","Porta direita Praga V3S","Praga V3S 右门",
"STR_real_V3SDoors_CoDriver1","Front right door of the Praga V3S off-road truck. Keeps the co-driver safe inside the vehicle.","Front right door of the Praga V3S off-road truck. Keeps the co-driver safe inside the vehicle.","Pravé přední dveře terénního náklaďáku Praga V3S. Zajišťují bezpečnost spolujezdce uvnitř auta.","Rechte Vordertür des Praga V3S-Offroad-LKW. Verhindert, dass der Beifahrer aus dem Wagen fällt.","Передняя правая дверь внедорожника Praga V3S. Обеспечивает безопасность пассажира внутри автомобиля.","Przednie prawe drzwi od ciężarówki terenowej Praga V3S. Dzięki nim drugi kierowca będzie bezpieczny.","Front right door of the Praga V3S off-road truck. Keeps the co-driver safe inside the vehicle.","La portiera anteriore destra del camion da fuoristrada Praga V3S. Mantiene il co-pilota al sicuro all’interno del veicolo.","Puerta derecha delantera de la camioneta todoterreno Praga V3S. Mantiene al copiloto a salvo dentro del vehículo.","Une portière avant droite pour camion tout-terrain Praga V3S. Permet de protéger le passager.","Praga V3S 越野卡車的右前門。保持副駕駛在車內的安全。","Praga V3S オフロードトラックの右前のドア。助手席の人も安全に乗れる。","Porta dianteira direita do caminhão Praga V3S. Mantém o copiloto seguro dentro do veículo.","Praga V3S 越野卡车的右前车门。可确保副驾驶员在车内的安全。",
"STR_real_V3SHood0","Praga V3S Hood","Praga V3S Hood","Kapota Praga V3S","Praga V3S-Motorhaube","Капот Praga V3S","Maska od Praga V3S","Praga V3S Hood","Cofano Praga V3S","Capó de Praga V3S","Capot de Praga V3S","Praga V3S 引擎蓋","Praga V3S ボンネット","Capô Praga V3S","Praga V3S 引擎罩",
"STR_real_V3SHood1","Hood of the Praga V3S off-road truck. Helps protect the engine against forces of nature or unexpected impacts.","Hood of the Praga V3S off-road truck. Helps protect the engine against forces of nature or unexpected impacts.","Kapota terénního náklaďáku Praga V3S. Chrání motor před rozmary počasí nebo nečekanými nárazy.","Motorhaube des Praga V3S-Offroad-LKW. Schützt den Motor vor den Einflüssen der Natur und unerwarteten Einschlägen.","Капот внедорожника Praga V3S. Помогает защитить двигатель от неблагоприятных погодных условий или неожиданного удара.","Maska ciężarówki terenowej Praga V3S. Chroni silnik przed siłami natury i niespodziewanymi uderzeniami.","Hood of the Praga V3S off-road truck. Helps protect the engine against forces of nature or unexpected impacts.","Il cofano del camion da fuoristrada Praga V3S. Aiuta a proteggere il motore dalle forze della natura o da urti inaspettati.","Capó de la camioneta todoterreno Praga V3S. Ayuda a proteger el motor de las fuerzas de la naturaleza o de impactos inesperados.","Un capot pour camion tout-terrain Praga V3S. Permet de protéger le moteur contre les éléments ou les impacts.","Praga V3S 越野車的引擎蓋。保護引擎免受自然環境影響或出乎意料的撞擊。","Praga V3S オフロードトラックのボンネット。自然の力または予期しない衝撃からエンジンを保護してくれる。","Capô do caminhão off-road Praga V3S. Ajuda a proteger o motor contra forças da natureza ou impactos inesperados.","Praga V3S 越野卡车的引擎盖。可保护发动机，抵御自然力的侵袭或意外撞击。",
"STR_real_Offroad_020","M1025 Humvee","M1025 Humvee","M1025 Humvee","M1025 Humvee","M1025 Humvee","M1025 Humvee","M1025 Humvee","M1025 Humvee","M1025 Humvee","M1025 Humvee","M1025 Humvee","M1025 Humvee","M1025 Humvee","M1025 Humvee",
"STR_real_Offroad_02_Wheel0","M1025 Humvee Wheel","M1025 Humvee Wheel","Kolo M1025 Humvee","M1025 Humvee Reifen","Колесо M1025 Humvee","Koło od M1025 Humvee","M1025 Humvee Wheel","Ruota M1025 Humvee","Rueda de M1025 Humvee","Roue de M1025 Humvee","M1025 Humvee 車輪","M1025 Humvee 車輪","Roda M1025 Humvee","M1025 Humvee 车轮",
"STR_real_Offroad_02_Wheel1","Wheel of the M1025 Humvee. The tire pattern suggests that it's mainly designed for off-road.","Wheel of the M1025 Humvee. The tire pattern suggests that it's mainly designed for off-road.","Kolo vozidla M1025 Humvee. Podle vzorku pneumatiky je určené především do terénu.","Reifen für den M1025 Humvee. Das Profil ist auf Offroad-Performance ausgelegt.","Колесо M1025 Humvee. Рисунок протектора говорит о том, что автомобиль в основном предназначен для бездорожья.","Koło od M1025 Humvee. Bieżnik opony wskazuje na to, że jest ona przystosowana do jazdy terenowej.","Wheel of the M1025 Humvee. The tire pattern suggests that it's mainly designed for off-road.","Una ruota dell’M1025 Humvee. Pneumatico con battistrada concepito principalmente per prestazioni fuoristrada.","Rueda de M1025 Humvee. El dibujo del neumático lleva a pensar que está concebido para uso todoterreno.","Une roue pour M1025 Humvee. Le dessin du pneu améliore l'adhérence du véhicule en terrain accidenté.","M1025 Humvee 的車輪，輪胎紋理專為越野行駛設計。","M1025 Humvee の車輪。そのタイヤの模様を見ると、主にオフロード用に設計されている。","Roda do M1025 Humvee. O padrão dos pneus sugere que ela foi projetada principalmente para off-road.","M1025 Humvee 的车轮，轮胎花纹表明，它主要为越野行驶而设计。",
"STR_real_Offroad_02_Door_1_10","M1025 Humvee Front Left Door","M1025 Humvee Front Left Door","Levé přední dveře M1025 Humvee","M1025 Humvee Tür vorne links","Передняя левая дверь M1025 Humvee","Przednie lewe drzwi od M1025 Humvee","M1025 Humvee Front Left Door","Portiera anteriore sinistra M1025 Humvee","Puerta izquierda delantera de M1025 Humvee","Portière AVG de M1025 Humvee","M1025 Humvee 左前門","M1025 Humvee 左前のドア","Porta dianteira esquerda M1025 Humvee","M1025 Humvee 左前车门",
"STR_real_Offroad_02_Door_1_11","Front left door of the M1025 Humvee. Keeps the driver safe inside the vehicle.","Front left door of the M1025 Humvee. Keeps the driver safe inside the vehicle.","Levé přední dveře vozidla M1025 Humvee. Chrání řidiče sedícího v kabině.","Linke Vordertür des M1025 Humvee. Verhindert, dass der Fahrer aus dem Wagen fällt.","Передняя левая дверь M1025 Humvee. Обеспечивает безопасность водителя в автомобиле.","Przednie lewe drzwi od M1025 Humvee. Dzięki nim kierowca będzie bezpieczny.","Front left door of the M1025 Humvee. Keeps the driver safe inside the vehicle.","La portiera anteriore sinistra dell’M1025 Humvee. Mantiene il pilota al sicuro all’interno del veicolo.","Puerta izquierda delantera del M1025 Humvee. Mantiene al conductor a salvo dentro del vehículo.","Une portière avant gauche pour M1025 Humvee. Protège le conducteur.","M1025 Humvee 的左前門，保持駕駛員在車內的安全。","M1025 Humvee の左前のドア。運転席の人も安全に乗れる。","Porta dianteira esquerda do M1025 Humvee. Mantém o motorista seguro dentro do veículo.","M1025 Humvee 的左前车门，可确保车内驾驶员的安全。",
"STR_real_Offroad_02_Door_2_10","M1025 Humvee Front Right Door","M1025 Humvee Front Right Door","Pravé přední dveře M1025 Humvee","M1025 Humvee Tür vorne rechts","Передняя правая дверь M1025 Humvee","Przednie prawe drzwi od M1025 Humvee","M1025 Humvee Front Right Door","Portiera anteriore destra M1025 Humvee","Puerta derecha delantera de M1025 Humvee","Portière AVD de M1025 Humvee","M1025 Humvee 右前門","M1025 Humvee 右前のドア","Porta dianteira direita M1025 Humvee","M1025 Humvee 右前车门",
"STR_real_Offroad_02_Door_2_11","Front right door of the M1025 Humvee. Keeps the co-driver safe inside the vehicle.","Front right door of the M1025 Humvee. Keeps the co-driver safe inside the vehicle.","Pravé přední dveře vozidla M1025 Humvee. Chrání spolujezdce vepředu.","Rechte Vordertür des M1025 Humvee. Verhindert, dass der Beifahrer aus dem Wagen fällt.","Передняя правая дверь M1025 Humvee. Обеспечивает безопасность пассажира в автомобиле.","Przednie prawe drzwi od M1025 Humvee. Dzięki nim drugi kierowca będzie bezpieczny.","Front right door of the M1025 Humvee. Keeps the co-driver safe inside the vehicle.","La portiera anteriore destra dell’M1025 Humvee. Mantiene il copilota al sicuro all’interno del veicolo.","Puerta derecha delantera del M1025 Humvee. Mantiene al copiloto a salvo dentro del vehículo.","Une portière avant droite pour M1025 Humvee. Protège le passager avant.","M1025 Humvee 的右前門，保持副駕駛在車內的安全。","M1025 Humvee の右前のドア。助手席の人も安全に乗れる。","Porta direita do M1025 Humvee. Mantém o copiloto seguro dentro do veículo.","M1025 Humvee 的右前车门，可确保车内副驾驶员的安全。",
"STR_real_Offroad_02_Door_1_20","M1025 Humvee Rear Left Door","M1025 Humvee Rear Left Door","Levé zadní dveře M1025 Humvee","M1025 Humvee Tür hinten links","Задняя левая дверь M1025 Humvee","Tyle lewe drzwi od M1025 Humvee","M1025 Humvee Rear Left Door","Portiera posteriore sinistra M1025 Humvee","Puerta izquierda trasera de M1025 Humvee","Portière ARG de M1025 Humvee","M1025 Humvee 左後門","M1025 Humvee 左後ろのドア","Porta traseira esquerda M1025 Humvee","M1025 Humvee 左后车门",
"STR_real_Offroad_02_Door_1_21","Rear left door of the M1025 Humvee. Keeps the passenger in the backseat safe inside the vehicle.","Rear left door of the M1025 Humvee. Keeps the passenger in the backseat safe inside the vehicle.","Levé zadní dveře vozidla M1025 Humvee. Chrání cestujícího na zadním sedadle.","Linke Hintertür des M1025 Humvee. Verhindert, dass Passagiere auf der Rückbank aus dem Wagen fallen.","Задняя левая дверь M1025 Humvee. Обеспечивает безопасность пассажиров на заднем сиденье.","Tylne lewe drzwi od M1025 Humvee. Dzięki nim pasażer z tyłu będzie bezpieczny.","Rear left door of the M1025 Humvee. Keeps the passenger in the backseat safe inside the vehicle.","La portiera posteriore sinistra dell’M1025 Humvee. Mantiene il passeggero seduto sul sedile posteriore al sicuro all’interno del veicolo.","Puerta izquierda trasera del M1025 Humvee. Mantiene a los pasajeros del asiento de atrás a salvo dentro del vehículo.","Une portière arrière gauche pour M1025 Humvee. Protège le passager arrière à gauche.","M1025 Humvee 的左後門，保持後座乘客在車內的安全。","M1025 Humvee の左後ろのドア。後部席の人も安全に乗れる。","Porta traseira esquerda do M1025 Humvee. Mantém o passageiro no banco de trás seguro dentro do veículo.","M1025 Humvee 的左后车门，可确保车内后座乘客的安全。",
"STR_real_Offroad_02_Door_2_20","M1025 Humvee Rear Right Door","M1025 Humvee Rear Right Door","Pravé zadní dveře M1025 Humvee","M1025 Humvee Tür hinten rechts","Задняя правая дверь M1025 Humvee","Tyle prawe drzwi od M1025 Humvee","M1025 Humvee Rear Right Door","Portiera posteriore destra M1025 Humvee","Puerta derecha trasera de M1025 Humvee","Portière ARD de M1025 Humvee","M1025 Humvee 右後門","M1025 Humvee 右後ろのドア","Porta traseira direita M1025 Humvee","M1025 Humvee 右后车门",
"STR_real_Offroad_02_Door_2_21","Rear right door of the M1025 Humvee. Keeps the passenger in the backseat safe inside the vehicle.","Rear right door of the M1025 Humvee. Keeps the passenger in the backseat safe inside the vehicle.","Pravé zadní dveře vozidla M1025 Humvee. Chrání cestujícího na zadním sedadle.","Rechte Hintertür des M1025 Humvee. Verhindert, dass Passagiere auf der Rückbank aus dem Wagen fallen.","Задняя правая дверь M1025 Humvee. Обеспечивает безопасность пассажиров на заднем сиденье.","Tylne prawe drzwi od M1025 Humvee. Dzięki nim pasażer z tyłu będzie bezpieczny.","Rear right door of the M1025 Humvee. Keeps the passenger in the backseat safe inside the vehicle.","La portiera posteriore destra dell’M1025 Humvee. Mantiene il passeggero seduto sul sedile posteriore al sicuro all’interno del veicolo.","Puerta derecha trasera del M1025 Humvee. Mantiene a los pasajeros del asiento de atrás a salvo dentro del vehículo.","Une portière arrière droite pour M1025 Humvee. Protège le passager arrière à droite.","M1025 Humvee 的右後門，保持後座乘客在車內的安全。","M1025 Humvee の右後ろのドア。後部席の人も安全に乗れる。","Porta traseira direita do M1025 Humvee. Mantém o passageiro no banco de trás seguro dentro do veículo.","M1025 Humvee 的右后车门，可确保车内后座乘客的安全。",
"STR_real_Offroad_02_Hood0","M1025 Humvee Hood","M1025 Humvee Hood","Kapota M1025 Humvee","M1025 Humvee Motorhaube","Капот M1025 Humvee","Maska M1025 Humvee","M1025 Humvee Hood","Cofano M1025 Humvee","Capó de M1025 Humvee","Capot de M1025 Humvee","M1025 Humvee 車蓋","M1025 Humvee ボンネット","Capô M1025 Humvee","M1025 Humvee 发动机罩",
"STR_real_Offroad_02_Hood1","Hood of the M1025 Humvee. Helps protect the engine and other sensitive car parts.","Hood of the M1025 Humvee. Helps protect the engine and other sensitive car parts.","Kapota vozidla M1025 Humvee. Chrání motor a další citlivé součástky auta.","Motorhaube des M1025 Humvee. Schützt den Motor und andere empfindliche Wagenteile.","Капот M1025 Humvee. Помогает защитить двигатель и другие важные детали автомобиля.","Maska od M1025 Humvee. Chroni silnik i inne delikatne części samochodu.","Hood of the M1025 Humvee. Helps protect the engine and other sensitive car parts.","Il cofano dell’M1025 Humvee. Aiuta a proteggere il motore e altri componenti delicati dell’automobile.","Capó del M1025 Humvee. Ayuda a proteger el motor y otras partes importantes del coche.","Un capot pour M1025 Humvee. Protège le moteur et les pièces essentielles du véhicule.","M1025 Humvee 的車蓋，保護引擎與其他脆弱零件。","M1025 Humvee のボンネット。エンジンやその他の繊細な車のパーツを保護してくれる。","Capô do M1025 Humvee. Ajuda a proteger o motor e outras peças sensíveis do carro.","M1025 Humvee 的发动机罩，可帮助保护发动机和其他敏感的汽车部件。",
"STR_real_Offroad_02_Trunk0","M1025 Humvee Trunk Door","M1025 Humvee Trunk Door","Dveře od kufru M1025 Humvee","M1025 Humvee Hecktür","Крышка багажника M1025 Humvee","Klapa bagażnika M1025 Humvee","M1025 Humvee Trunk Door","Portellone posteriore M1025 Humvee","Puerta del maletero de M1025 Humvee","Hayon de M1025 Humvee","M1025 Humvee 行李箱門","M1025 Humvee トランクドア","Tampa porta-malas M1025 Humvee","M1025 Humvee 后备箱门",
"STR_real_Offroad_02_Trunk1","Trunk door of the M1025 Humvee. It's used to secure the contents of the trunk.","Trunk door of the M1025 Humvee. It's used to secure the contents of the trunk.","Dveře od kufru vozidla M1025 Humvee. Slouží k zajištění obsahu kufru.","Hecktür des M1025 Humvee. Schützt den Inhalt des Kofferraums.","Крышка багажника M1025 Humvee. Не дает содержимому багажника выпасть.","Klapa bagażnika od M1025 Humvee. Zabezpiecza zawartość bagażnika.","Trunk door of the M1025 Humvee. It's used to secure the contents of the trunk.","Il portellone posteriore dell’M1025 Humvee. Utilizzato per mantenere al sicuro il contenuto del portabagagli.","Puerta del maletero del M1025 Humvee. Sirve para proteger el contenido del maletero.","Un hayon pour M1025 Humvee. Permet de fermer le coffre et d'en protéger le contenu.","M1025 Humvee 的行李箱門，保護行李箱內物品的安全。","M1025 Humvee のトランクのドア。トランクに入れた物が飛び出さないように使用される。","Tampa de porta-malas M1025 Humvee. Serve para proteger o conteúdo do porta-malas.","M1025 Humvee 的后备箱门，用于保护后备箱内的物品。",
